organization_id,source_link,software,internal_link
1,https://www.atssa.com/,Altai,1
1,https://www.atssa.com/The-Foundation,Altai,1
1,https://www.atssa.com/atssastore,Altai,1
1,https://www.atssa.com/Member-Center/Chapter-Network/A-F/Arizona-Chapter,Altai,1
1,https://www.atssa.com/Member-Center/Chapter-Network/A-F/Arkansas-Chapter,Altai,1
1,https://www.atssa.com/Member-Center/Chapter-Network/A-F/California-Chapter,Altai,1
1,https://www.atssa.com/Member-Center/Chapter-Network/A-F/Carolinas-Chapter,Altai,1
1,https://www.atssa.com/Member-Center/Chapter-Network/A-F/Chesapeake-Chapter,Altai,1
1,https://www.atssa.com/Member-Center/Chapter-Network/A-F/Florida-Chapter,Altai,1
1,https://www.atssa.com/Member-Center/Chapter-Network/G-L/Georgia-Chapter,Altai,1
1,https://www.atssa.com/Member-Center/Chapter-Network/G-L/Gulf-Coast-Chapter,Altai,1
1,https://www.atssa.com/Member-Center/Chapter-Network/G-L/Heart-of-America-Chapter,Altai,1
1,https://www.atssa.com/Member-Center/Chapter-Network/G-L/Illinois-Chapter,Altai,1
1,https://www.atssa.com/Member-Center/Chapter-Network/G-L/Indiana-Chapter,Altai,1
1,https://www.atssa.com/Member-Center/Chapter-Network/G-L/Iowa-Chapter,Altai,1
1,https://www.atssa.com/Member-Center/Chapter-Network/G-L/Kentucky-Chapter,Altai,1
1,https://www.atssa.com/Member-Center/Chapter-Network/M-N/Michigan-Chapter,Altai,1
1,https://www.atssa.com/Member-Center/Chapter-Network/M-N/Nevada-Chapter,Altai,1
1,https://www.atssa.com/Member-Center/Chapter-Network/M-N/New-England-Chapter,Altai,1
1,https://www.atssa.com/Member-Center/Chapter-Network/M-N/New-Mexico-Chapter,Altai,1
1,https://www.atssa.com/Member-Center/Chapter-Network/M-N/New-York-New-Jersey-Chapter,Altai,1
1,https://www.atssa.com/Member-Center/Chapter-Network/M-N/Northland-Chapter,Altai,1
1,https://www.atssa.com/Member-Center/Chapter-Network/M-N/Northwest-Chapter,Altai,1
1,https://www.atssa.com/Member-Center/Chapter-Network/O-Z/Ohio-Chapter,Altai,1
1,https://www.atssa.com/Member-Center/Chapter-Network/O-Z/Oklahoma-Chapter,Altai,1
1,https://www.atssa.com/Member-Center/Chapter-Network/O-Z/Pennsylvania-Chapter,Altai,1
1,https://www.atssa.com/Member-Center/Chapter-Network/O-Z/Rocky-Mountain-Chapter,Altai,1
1,https://www.atssa.com/Member-Center/Chapter-Network/O-Z/Texas-Chapter,Altai,1
1,https://www.atssa.com/Member-Center/Chapter-Network/O-Z/Utah-Chapter,Altai,1
1,https://www.atssa.com/Member-Center/Chapter-Network/O-Z/Virginia-Chapter,Altai,1
1,https://www.atssa.com/Member-Center/Chapter-Network/O-Z/Wisconsin-Chapter,Altai,1
1,https://www.atssa.com/Training/Find-a-Trained-Professional,Altai,1
1,https://www.atssa.com/#,Altai,1
1,http://www.atssa.com/,Altai,1
